<?xml version="1.0"?>
<liga tipo="Champions League">
  <equipo>
    <club valoracion="10" ciudad="Bilbao">Athletic Club Bilbao</club>
    <presidente>Uria</presidente>
    <plantilla>
      <nombre>Julen Guerrero</nombre>
      <nombre>Joseba Etxeberria</nombre>
      <nombre>Ismael Urzaiz</nombre>
    </plantilla>
  </equipo>
  <equipo>
    <club valoracion="5" ciudad="Madrid">Real Madrid</club>
    <presidente>Mandamas</presidente>
    <plantilla>
      <nombre>Bota de oro</nombre>
      <nombre>Milloneti</nombre>
      <nombre>Canterano quemado</nombre>
    </plantilla>
  </equipo>
</liga>

